1,52.4461580555555,4.72117388888889
1,52.4507186111111,4.72375777777778
1,52.4660288888889,4.73909888888889
1,52.4654761111111,4.74000333333333
1,52.4660241666667,4.73995111111111
1,52.4655569444444,4.7399725
1,52.4657808333333,4.74006111111111
1,52.4674613888889,4.74143111111111
1,52.4665813888889,4.73992833333333
1,52.4700661111111,4.74277638888889
1,52.4738297222222,4.74570916666667
1,52.4755925,4.7475825
1,52.4784216666667,4.74888111111111
1,52.4776044444444,4.74904
1,52.47875,4.74980361111111
1,52.4796888888889,4.75054083333333
1,52.4807783333333,4.7510125
1,52.4807452777778,4.7514825
1,52.4843275,4.75415444444444
1,52.4886366666667,4.75827388888889
1,52.4401813888889,4.75266805555556
1,52.4415069444444,4.75345805555556
1,52.44211,4.75361111111111
1,52.456875,4.73836333333333
1,52.4664880555556,4.80700361111111
1,52.4663244444444,4.80662333333333
1,52.4610172222222,4.80938555555556
1,52.4684116666667,4.81258527777778
1,52.4619058333333,4.81100722222222
1,52.4610277777778,4.81153361111111
1,52.4635516666667,4.81120638888889
1,52.4648152777778,4.81049833333333
1,52.4647377777778,4.81114694444444
1,52.4693783333333,4.80624472222222
1,52.4601138888889,4.80479194444444
1,52.5001683333333,4.76865444444444
1,52.5146636111111,4.76833361111111
1,52.5169247222222,4.76074416666667
1,52.5168958333333,4.748605
1,52.5160327777778,4.74852888888889
1,52.5153058333333,4.74876055555556
1,52.5143208333333,4.77677972222222
1,52.5078488888889,4.77660388888889
1,52.4990116666667,4.76915638888889
1,52.4992658333333,4.76962416666667
1,52.4991858333333,4.76983138888889
1,52.510345,4.76916
1,52.497095,4.76698916666667
1,52.5155530555556,4.78222805555556
1,52.4992238888889,4.76847611111111
1,52.5183308333333,4.78235222222222
1,52.4451825,4.77735111111111
1,52.4482797222222,4.77667583333333
1,52.4536011111111,4.77510166666667
1,52.4588427777778,4.77374916666667
1,52.4602430555556,4.77337666666667
1,52.4735441666667,4.77675388888889
1,52.4780047222222,4.77552944444444
1,52.4848127777778,4.77290305555556
1,52.4605336111111,4.7636175
1,52.4316758333333,4.79007972222222
1,52.4318277777778,4.78815138888889
1,52.4618566666667,4.77083833333333
1,52.4665936111111,4.77439222222222
1,52.4537786111111,4.8043875
1,52.4350141666667,4.78036916666667
1,52.4387552777778,4.77863583333333
1,52.4390869444444,4.77865166666667
1,52.4395105555556,4.77897333333333
1,52.4427861111111,4.77804583333333
1,52.4885961111111,4.80352194444444
1,52.4642833333333,4.81156416666667
1,52.4642833333333,4.81156416666667
1,52.4933261111111,4.78863361111111
1,52.4936244444444,4.78772638888889
1,52.4941672222222,4.79195972222222
1,52.4934019444444,4.79171972222222
1,52.4935188888889,4.79173277777778
1,52.4935116666667,4.79196527777778
1,52.4965238888889,4.79418083333333
1,52.4920466666667,4.78854277777778
1,52.4891583333333,4.79500111111111
1,52.4863205555556,4.80088388888889
1,52.48817,4.80095
1,52.4896411111111,4.79631972222222
1,52.489095,4.80214277777778
1,52.4891302777778,4.80203916666667
1,52.4894841666667,4.80088611111111
1,52.4906030555556,4.79816222222222
1,52.4905930555556,4.79794138888889
1,52.4906991666667,4.79761611111111
1,52.4906355555556,4.797455
1,52.4906880555556,4.79718916666667
1,52.4906875,4.79707138888889
1,52.4906777777778,4.79695361111111
1,52.4907308333333,4.79676166666667
1,52.4905375,4.79582194444444
1,52.4904266666667,4.79524916666667
1,52.4905202777778,4.79236222222222
1,52.4876888888889,4.80575722222222
1,52.4755897222222,4.80825305555556
1,52.4757077777778,4.80853138888889
1,52.4764536111111,4.8084775
1,52.4758211111111,4.80596861111111
1,52.4806586111111,4.808275
1,52.4757752777778,4.8112975
1,52.4756416666667,4.81104611111111
1,52.4721402777778,4.81187722222222
1,52.4657080555556,4.81292944444444
1,52.4808858333333,4.8087875
1,52.4768308333333,4.81028277777778
1,52.4790063888889,4.80857638888889
1,52.4740105555556,4.81438166666667
1,52.4713566666667,4.81112805555556
1,52.4707933333333,4.81072972222222
