1;52.2481613888889;4.75873111111111
1;52.2510308333333;4.75911777777778
1;52.2510308333333;4.75911777777778
1;52.2481897222222;4.75899416666667
1;52.6220111111111;4.74830638888889
1;52.6435033333333;4
1;52.660345;4.74530472222222
1;52.6285158333333;4.76858611111111
1;52.552185;4.82595888888889
1;52.552185;4.82595888888889
1;52.5450791666667;4.81343
1;52.5246258333333;4.79738416666667
1;52.538685;4.7838325
1;52.6350541666667;4.85478611111111
1;52.6139438888889;4.81232638888889
1;52.2970561111111;4.90045388888889
1;52.3787061111111;4.98743
1;52.3839913888889;4.96281611111111
1;52.3886491666667;4.95204583333333
1;52.3877372222222;4.93927027777778
1;52.4049563888889;4.90508861111111
1;52.4021716666667;4.90768638888889
1;52.4121452777778;4.90309361111111
1;52.409245;4.91018972222222
1;52.3702158333333;4.89516777777778
1;52.3702158333333;4.89516777777778
1;52.3718130555556;5.01406361111111
1;52.2905586111111;5.01057888888889
1;52.3036236111111;5.02390888888889
1;52.2961783333333;5.08330944444444
1;52.3986502777778;5.029085
1;52.3772038888889;5.00346972222222
1;52.4090297222222;5.0460775
1;52.4046419444444;5.02600916666667
1;52.3922408333333;5.01719027777778
1;52.3702158333333;4.89516777777778
1;52.5206725;4.87503944444444
1;52.5791566666667;4.93102722222222
1;52.5399597222222;4.83886
1;52.5206725;4.87503944444444
1;52.5183669444444;4.89302555555556
1;52.5273458333333;4.92901305555556
1;52.6614911111111;4.63370305555556
1;52.6663461111111;4.68622583333333
1;52.6691669444444;4.70612388888889
1;52.6617447222222;4.71741333333333
1;52.6719297222222;4.692775
1;52.6670180555556;4.70753194444444
1;52.6726763888889;4.72765527777778
1;52.6572572222222;4.66919666666667
1;52.6621933333333;4.70153138888889
1;52.667115;4.70720527777778
1;52.6718661111111;4.72414861111111
1;52.6645544444444;4.68414055555556
1;52.6659025;4.67807277777778
1;52.666925;4.70695694444444
1;52.6519466666667;4.70209583333333
1;52.6479494444444;4.70795972222222
1;52.6430102777778;4.71338416666667
1;52.6305975;4.77286361111111
1;52.6461088888889;4.66108916666667
1;52.6444061111111;4.65896027777778
1;52.6693544444444;4.7012275
1;52.6684583333333;4.70320777777778
1;52.6655805555556;4.68646722222222
1;52.6656258333333;4.68598583333333
1;52.6659152777778;4.68476916666667
1;52.6648141666667;4.68551111111111
1;52.6687452777778;4.71096472222222
1;52.6634169444444;4.71276111111111
1;52.6679741666667;4.70031777777778
1;52.6629205555556;4.68597
1;52.6658402777778;4.70743194444445
1;52.6743502777778;4.71838916666667
1;52.6652819444444;4.69789111111111
1;52.6579616666667;4
1;52.6638533333333;4.68005916666667
1;52.6635922222222;4.72914166666667
1;52.6749366666667;4.70639472222222
1;52.6806108333333;4.71909777777778
1;52.7391822222222;4.64128277777778
1;52.6848077777778;4.69858194444444
1;52.71526;4.67804527777778
1;52.7230783333333;4.66299888888889
1;52.7238063888889;4.66079444444444
1;52.5963;4.65771611111111
1;52.4772936111111;4.68298388888889
1;52.4788;4.6842
1;52.4845;4.673
1;52.4692;4.6829
1;52.4636;4.6832
1;52.4834;4.7023
1;52.2931472222222;5.2873475
1;52.3630041666667;4.58268861111111
1;52.3641386111111;4.58695527777778
1;52.4079241666667;4.60963777777778
1;52.3633380555556;4.59623388888889
1;52.3671022222222;4.57867916666667
1;52.3622241666667;4.59497638888889
1;52.3654569444444;4.58123472222222
1;52.3776775;4.54038861111111
1;52.3674794444444;4.57996444444444
1;52.3776808333333;4.54037777777778
1;52.3770591666667;4.54062222222222
1;52.32139;4.6016175
1;52.4006633333333;4.64457222222222
1;52.3217708333333;4.60196138888889
1;52.4023963888889;4.64576277777778
1;52.4025483333333;4.64599277777778
1;52.4051452777778;4.61876527777778
1;52.4034822222222;4.61043277777778
1;52.4019658333333;4.61219333333333
1;52.4111636111111;4.62337333333333
1;52.4098761111111;4.61096722222222
1;52.4026077777778;4.61140333333333
1;52.4033755555556;4.61199222222222
1;52.3996469444444;4.61495222222222
1;52.4051736111111;4.60658222222222
1;52.4069802777778;4.62174611111111
1;52.3423538888889;4.59800194444444
1;52.3252713888889;4.58120111111111
1;52.3344463888889;4.57438805555556
1;52.3457825;4.59323
1;52.3457825;4.59323
1;52.3457825;4.59323
1;52.5490022222222;4.72958
1;52.5712066666667;4.69299222222222
1;52.5363708333333;4.67669944444444
1;52.5663188888889;4.65673972222222
1;52.953135;4.72455805555556
1;52.9508819444444;4.72192611111111
1;52.95067;4.73334388888889
1;52.3428488888889;5.01330111111111
1;52.3422111111111;5.01627055555556
1;52.6620652777778;5.19586833333333
1;52.6388913888889;5.12266527777778
1;52.6349419444444;5.17638611111111
1;52.6448219444444;5.207615
1;52.5166191666667;5.07226638888889
1;52.517815;5.06753944444444
1;52.5004133333333;5.08156388888889
1;52.4918169444444;5.07029027777778
1;52.4916788888889;5.06064638888889
1;52.5112530555556;5.05724638888889
1;52.6365958333333;5.03494888888889
1;52.5950122222222;5.01745194444444
1;52.5277538888889;5.00611111111111
1;52.5276316666667;5.00143611111111
1;52.5867011111111;5.01946833333333
1;52.6010280555556;4.96690888888889
1;52.559405;5.04116972222222
1;52.5440977777778;5.052525
1;52.6092169444444;5.01806638888889
1;52.2808333333333;5.15772416666667
1;52.324615;5.06274055555556
1;52.3281536111111;5.06499805555556
1;52.3303075;5.06967777777778
1;52.3016102777778;5.19126361111111
1;52.2890783333333;5.18929611111111
1;52.37365;4.67217
1;52.39508;4.67261
1;52.35836;4.67595
1;52.35845;4.67488
1;52.39004;4.67476
1;52.37294;4.67177
1;52.4164861111111;4
1;52.4107497222222;4.67419472222222
1;52.4149933333333;4.67591972222222
1;52.41564;4.67415611111111
1;52.4273413888889;4.65224638888889
1;52.41564;4.67415611111111
1;52.4147736111111;4.66546972222222
1;52.4121197222222;4.67459583333333
1;52.3999894444444;4.65211833333333
1;52.4135352777778;4.67360055555556
1;52.3929438888889;4.67832138888889
1;52.3936808333333;4.67848027777778
1;52.3860138888889;4.68903194444444
1;52.4020525;4.69280555555556
1;52.2864911111111;4.67046444444444
1;52.2660241666667;4.69579388888889
1;52.3122505555556;4.68205472222222
1;52.2837466666667;4.7008675
1;52.3069675;4.69401833333333
1;52.2864911111111;4.67046444444444
1;52.3304825;4.76839805555556
1;52.2693369444444;4.68076694444444
1;52.2687586111111;4.73491166666667
1;52.3541555555556;4.85036138888889
1;52.3122505555556;4.68205472222222
1;52.3466341666667;4.67182
1;52.32501;4.64128888888889
1;52.3260219444444;4.66321861111111
1;52.3000866666667;4.64514777777778
1;52.3000866666667;4.64514777777778
1;52.5141461111111;4.68213666666667
1;52.5141461111111;4.68213666666667
1;52.4973783333333;4.70715333333333
1;52.4973783333333;4.70715333333333
1;52.5141461111111;4.68213666666667
1;52.3469166666667;4.61663305555556
1;52.3468813888889;4.61673638888889
1;52.3453311111111;4.59966611111111
1;52.3460769444444;4.62747666666667
1;52.3461858333333;4.60932222222222
1;52.3525416666667;4.61226388888889
1;52.3603322222222;4
1;52.3589172222222;4.63003527777778
1;52.3276319444444;4.60600888888889
1;52.3544147222222;4.62852611111111
1;52.3334275;4.61137972222222
1;52.352115;4
1;52.3329783333333;4.60323027777778
1;52.3404416666667;4.62023777777778
1;52.3446080555556;4.59907722222222
1;52.3404416666667;4.62023777777778
1;52.3404416666667;4.62023777777778
1;52.3404416666667;4.62023777777778
1;52.3457825;4.59323
1;52.3457825;4.59323
1;52.3457825;4.59323
1;52.3457825;4.59323
1;52.3457825;4.59323
1;52.7218338888889;1
1;52.2120958333333;5.2005125
1;52.2405180555556;5
1;52.1803286111111;5.13172222222222
1;52.1793008333333;5.16023777777778
1;52.1783761111111;5
1;52.2032211111111;5.1756925
1;52.1927466666667;5.17885722222222
1;52.8615733333333;4.83352833333333
1;52.8829788888889;4.86949
1;52.8572933333333;4.89019388888889
1;52.8727936111111;4.85750583333333
1;52.7850280555556;4.84423416666667
1;52.7857511111111;4.83690888888889
1;52.7846419444444;4.85274833333333
1;52.7846419444444;4.85274833333333
1;52.8130030555556;4.89632916666667
1;52.7248330555556;4.94157777777778
1;52.7852727777778;4.84511027777778
1;52.7853886111111;4.84445194444444
1;52.7853886111111;4.84445194444444
1;52.8934202777778;4.83707722222222
1;52.9026822222222;4.80417361111111
1;52.7730863888889;4.87791222222222
1;52.9346636111111;5.02678638888889
1;52.90585;4.96297777777778
1;52.9077263888889;4.96137611111111
1;52.9020330555556;4.95855611111111
1;52.7965597222222;4.88339138888889
1;52.7931986111111;4.8920925
1;52.7727108333333;4.87138583333333
1;52.7667038888889;4.92617194444444
1;52.7537816666667;4.90069888888889
1;52.7380811111111;4.89476694444444
1;52.7392222222222;4.89612222222222
1;52.7579286111111;4.911045
1;52.7564975;4.90771972222222
1;52.7416919444444;4.90198388888889
1;52.7378838888889;4.89435388888889
1;52.7387061111111;4.89601
1;52.7567583333333;4.90820027777778
1;52.7583569444444;4.91198361111111
1;52.7592052777778;4.91526638888889
1;52.7394888888889;4.89749111111111
1;52.7541908333333;4.90152416666667
1;52.7184111111111;4.87364888888889
1;52.8840433333333;4.93222944444444
1;52.8428569444444;4.86215611111111
1;52.8346219444445;4.85931888888889
1;52.8104238888889;4.87031861111111
1;52.8339880555556;4.86636
1;52.8216161111111;4.87321277777778
1;52.8344386111111;4.86254111111111
1;52.8382175;4.89087083333333
1;52.7548955555556;4.90273083333333
1;52.7952683333333;4.88842194444444
1;52.6342372222222;5.0220375
1;52.6648888888889;5.06044
1;52.3087411111111;5
1;52.6402988888889;5.00281361111111
1;52.6761863888889;4.90914305555556
1;52.6756947222222;4.90753666666667
1;52.6756138888889;4.90746111111111
1;52.6780438888889;4.90926305555556
1;52.6007588888889;4.97682111111111
1;52.6264458333333;4.8902325
1;52.6064044444444;4.95959027777778
1;52.4399569444444;4.9146525
1;52.4264461111111;4.91145916666667
1;52.6820638888889;4.80856888888889
1;52.6821838888889;4.80862194444444
1;52.6819919444444;4.808655
1;52.68212;4.80857194444444
1;52.682375;4.80884888888889
1;52.2380311111111;5.23183
1;52.2322172222222;5.22820722222222
1;52.2322172222222;5.22820722222222
1;52.7381641666667;5.17654861111111
1;52.7022072222222;5.0262125
1;52.715255;5.02785388888889
1;52.7064872222222;5.09762333333333
1;52.3922533333333;4.93810805555556
1;52.7727205555556;5.10518777777778
1;52.7723686111111;5.10846472222222
1;52.7724672222222;5.10837527777778
1;52.7717486111111;5.10466055555556
1;52.7723569444444;5.11006333333333
1;52.7717738888889;5.10775722222222
1;52.7725005555556;5.10720444444444
1;52.7708;5.10638555555555
1;52.7123875;5.07127388888889
1;52.72497;5.07849555555556
1;52.7495258333333;5.0716675
1;52.7510258333333;5.07612027777778
1;52.7606069444444;5.07999277777778
1;52.7599497222222;5.07958277777778
1;52.7597636111111;5.07703611111111
1;52.7102363888889;4.98660555555556
1;52.7465966666667;5.06640722222222
1;52.6824883333333;5.03314416666667
1;52.7405161111111;4.94907388888889
1;52.7124366666667;4.94297138888889
1;52.7122488888889;4.94333305555556
1;52.7361477777778;4.95869333333333
1;52.7251972222222;4.91751
1;52.7524344444444;4.97211972222222
1;52.7614577777778;4.71151083333333
1;52.7444905555556;4.70024527777778
1;52.7478422222222;4.70170361111111
1;52.7527966666667;4.68826583333333
1;52.8011955555556;4.7600475
1;52.7474666666667;4.80329083333333
1;52.7535683333333;4.72364416666667
1;52.7535683333333;4.72364416666667
1;52.8067405555555;4.79175777777778
1;52.7818608333333;4.77650916666667
1;52.8245663888889;4.8090275
1;52.8347627777778;4.81016888888889
1;52.7535683333333;4.72364416666667
1;52.69868;4.77270472222222
1;52.8096402777778;4.77502444444444
1;52.8027211111111;4.75962527777778
1;52.8057022222222;4.76770916666667
1;52.8089741666667;4.77307611111111
1;52.69868;4.77270472222222
1;52.8079852777778;4.83356805555556
1;52.8063713888889;4.78959277777778
1;52.7748872222222;4.77137555555556
1;52.7715536111111;4.72135194444444
1;52.7805905555556;4.72874388888889
1;52.7792513888889;4.72733222222222
1;52.7853391666667;4.73267472222222
1;52.7868930555556;4.70682916666667
1;52.8389;4.76436
1;52.7386658333333;4.74847416666667
1;52.7430975;4.74362527777778
1;52.7193347222222;4.72873027777778
1;52.7227480555556;4.73691416666667
1;52.7230858333333;4.73916861111111
1;52.7302594444444;4.74286722222222
1;52.7418591666667;4.74903472222222
1;52.77084;4.748495
1;52.74345;4.74076333333333
1;52.7228016666667;4.73818111111111
1;52.7866913888889;4.80444305555556
1;52.7217544444444;4.73566555555556
1;52.7762052777778;4.76491666666667
1;52.6978736111111;5.22267972222222
1;52.5337283333333;4.78091805555556
1;52.5279966666667;4.71785194444444
1;52.5259266666667;4.73446333333333
1;52.5268152777778;4.72354305555556
1;52.5259266666667;4.73446333333333
1;52.5259266666667;4.73446333333333
1;52.518265;4.71897222222222
1;52.2405544444444;4.80366916666667
1;52.2375122222222;4.79022555555556
1;52.2072891666667;4.73484611111111
1;52.2340108333333;4.83537444444444
1;52.2287905555556;4.81500583333333
1;52.4653208333333;4.57722277777778
1;52.4624477777778;4.5763925
1;52.4402763888889;4.64518722222222
1;52.4436538888889;4.65211194444444
1;52.4234836111111;4.63747111111111
1;52.4193533333333;4.63107277777778
1;52.4443525;4.58529027777778
1;52.41564;4.67415611111111
1;52.4280841666667;4.64602333333333
1;52.4280841666667;4.64602333333333
1;52.4280841666667;4.64602333333333
1;52.4153588888889;4.62952888888889
1;52.4341080555556;4.67702416666667
1;52.4647086111111;4.97187916666667
1;52.4750813888889;5.03028722222222
1;52.4368522222222;5.0721675
1;52.4643638888889;5.03331111111111
1;52.463805;5.03213805555556
1;52.4014575;5.03241583333333
1;52.4535388888889;5.04665
1;52.4450133333333;5.04764777777778
1;52.4367088888889;5.054475
1;52.2711933333333;5.10385138888889
1;52.2694588888889;5.10176055555555
1;52.2286869444444;5.08962444444444
1;52.2253122222222;5.12178694444444
1;52.2288608333333;5.0908675
1;52.2251775;5.1218025
1;52.2284705555556;5.08928916666667
1;52.2646927777778;5.04655111111111
1;52.2645222222222;5.0465525
1;52.2644138888889;5.04645083333333
1;52.274725;5.01162611111111
1;52.2468997222222;5.12114305555555
1;52.2400427777778;5.121465
1;52.2328388888889;5.09819583333333
1;52.2240516666667;5.08059
1;52.2479747222222;5.12113055555556
1;52.258065;5.12325805555556
1;52.2351811111111;5.060145
1;52.2360266666667;5.12217694444444
1;52.2246686111111;5.13236472222222
1;52.2391619444444;5.12155805555556
1;52.2483777777778;5.12108138888889
1;52.23583;5.05888
1;52.5074433333333;4.85471916666667
1;52.5073666666667;4.85422888888889
1;52.5372019444444;4.83004
1;52.5030088888889;4.79513944444444
1;52.5014666666667;4.83698583333333
1;52.5030088888889;4.79480611111111
1;52.4651302777778;4.76434722222222
1;52.4416872222222;4.71759861111111
1;52.4436836111111;4.71939222222222
1;52.4778205555556;4.74911055555556
1;52.455;4.6803
1;52.4565;4.7069
1;52.4548330555556;4.68280611111111
1;52.4804;4.7075
1;52.4514855555556;4.72430555555556
1;52.4580283333333;4.73558055555556
1;52.4601883333333;4.73615194444444
1;52.4643483333333;4.73921027777778
1;52.4709727777778;4.74426416666667
1;52.4810522222222;4.75169888888889
1;52.4383966666667;4.71337944444444
1;52.4899191666667;4.7120675
1;52.4375547222222;4.71890861111111
1;52.4593;4.6833
1;52.47;4.706
1;52.46776;4.81349166666667
1;52.4610277777778;4.81153361111111
1;52.4558261111111;4.80879861111111
1;52.4324363888889;4.78109333333333
1;52.4572152777778;4.81117138888889
1;52.4740433333333;4.80281777777778
1;52.4411116666667;4.75347833333333
1;52.4618611111111;4.77377305555556
1;52.4612163888889;4.77217138888889
1;52.4607738888889;4.76367111111111
1;52.4383966666667;4.71337944444444
1;52.4728725;4.82071055555556
1;52.4392572222222;4.82060722222222
1;52.4332797222222;4.83387
1;52.4554463888889;4.80972305555556
1;52.4393263888889;4.76215638888889
1;52.4788633333333;4.80845222222222
1;52.4752411111111;4.8134475
1;52.4579;4.6838
